7.980381485562835,-8.32116679241494,3.296331176387813
7.972435499154017,-8.308527930462779,3.273391661076852
7.980125643152346,-8.279453562952492,3.2183533761804175
7.957129854198395,-8.22215013775454,3.1696808809708847
7.934448999948956,-8.085014225489546,3.128369131827713
7.835875663293693,-7.903334668726887,3.1133687851315752
7.729126890481736,-7.712649778876691,3.099613426545521
7.606836287068687,-7.4992878913820915,3.0997527832447376
7.540792176740884,-7.253570532153354,3.113930257136223
7.5195775746258064,-6.9587273509426355,3.142926230238077
7.510799280558057,-6.668471241948251,3.174205786427017
7.510042220029514,-6.375904518036504,3.206169474467518
7.50382724592625,-6.071935002652492,3.237482864525976
7.5080226662325655,-5.771230719375396,3.2687686833939025
7.516673147240039,-5.468151191143838,3.3044660454869965
7.5381329746274774,-5.1732919834229305,3.3439406036672636
7.56415844293856,-4.876972900131878,3.3879760209909358
7.53004448049452,-4.609288366304193,3.4098376744134984
7.43634077119997,-4.36942476628893,3.4077976807511163
7.373733955201842,-4.11570897450188,3.4101575621765803
7.310858070873624,-3.8586137208139477,3.409735010808282
7.350294256131072,-3.5554999754228462,3.4383408949573737
7.2962826828763925,-3.2909097993060414,3.4370148694722644
7.345488117840243,-2.996147554496723,3.4642333899534337
7.295317286863008,-2.7428742878085473,3.461833024110311
7.242525884466519,-2.4812886876409372,3.452580135316143
7.191637142561377,-2.228914468446558,3.4384496600995114
7.1350005837489086,-1.9649902404270512,3.423004534441111
7.188978998282156,-1.6948366828601473,3.4340689345053783
7.1355806203963885,-1.4296754949459978,3.4178103964399162
7.085880398376708,-1.1671974752871952,3.4006442429570565
7.033580329792112,-0.9019827446213701,3.3718647499074854
6.986594632997904,-0.6427494718374064,3.343935123309316
7.044424059284445,-0.38178145195173757,3.33079535857317
7.0004634862651995,-0.12882771372245883,3.3035212370752824
7.057450038928455,0.12331609429850594,3.285726706608086
7.0097124447874295,0.3830378627397275,3.247389498177983
6.96023610848986,0.6490237381956889,3.206438501047405
6.907041922633213,0.9234014464490002,3.159254617148386
6.857639680716347,1.193745345769456,3.1123008038354065
6.917661994362155,1.441853854784555,3.0668417073881518
6.884340515958596,1.6866175264221202,3.014004617407194
6.847711539578064,1.9409727808153672,2.957764720073966
6.818068192525998,2.1943643600882603,2.900579555610129
6.785232413911412,2.4573596635408563,2.8418544505700862
6.868505240769835,2.6818114049327506,2.785474641852062
6.8444144693024285,2.9243132384418984,2.7250052760634875
6.933019095533994,3.1268713371147476,2.6648011645311818
6.907869419704184,3.3718871427660253,2.6008394186866073
6.877655096952477,3.6308245328568205,2.5326123178260627
6.834154988279825,3.893073691702883,2.4613567193956922
6.793533462098168,4.153017572137929,2.3881252804586435
6.8067974126290745,4.351128375290095,2.3392472425987365
6.79576956809579,4.475839023790313,2.342507732551212
6.861283591236249,4.477524154042186,2.4048098931249418
6.952409071135658,4.415788057355471,2.499249089991499
7.020747337360858,4.352964369699227,2.5878442563470845
7.024088780398706,4.320738353321219,2.7285664788232076
6.9964935199498095,4.303560867879924,2.860324620035842
6.945329307412109,4.29411906504203,3.042963393732301
6.927689100049687,4.2732821617738495,3.1580835857654885
6.911988848958921,4.250586002944016,3.274711977943909
6.886986970821131,4.237774460142969,3.3864571663192824
6.867415009095793,4.215031538651062,3.500542672118561
6.796819538089532,4.222320495089051,3.6561500503753024
6.760221484952574,4.212837763848005,3.761156798653431
6.724376868023391,4.203327846797679,3.864246449354081
6.703105134679883,4.177366008148753,3.9657354475590316
6.680444786126671,4.155716238073921,4.0649795934608095
6.621465749389298,4.145817365318203,4.205933533211249
6.596832239005203,4.1293426323661295,4.297588511903902
6.524257320298328,4.136118446980284,4.421282421808765
6.4855036708697495,4.136952849346116,4.499243787735962
6.451111047406305,4.129898215575093,4.574299599931087
6.4196323389020264,4.120920318928621,4.65710353114141
6.385768929580647,4.110361606802296,4.736491999240031
6.324381697596523,4.108535467765182,4.856047307450681
6.309610913426852,4.0836850792351145,4.927416654178803
6.299691417701087,4.056821241113574,4.998749483880056
6.268116045096169,4.046752890297917,5.0590248071976465
6.241441643654219,4.027466581438335,5.120913275521261
6.169720232954287,4.025465601411991,5.207664674856453
6.145694831618882,4.001819689884836,5.266354437690064
6.074564501585594,4.006894748549182,5.345050312082775
6.048310957674151,3.995341624223093,5.397132066040136
6.025772964632046,3.9767109035910764,5.444433775931191
5.999577147595706,3.9587894657779152,5.491675392133786
5.971022701963391,3.9456489526211307,5.537254333932005
5.903128338673468,3.956112829513257,5.600685005239034
5.881053161332642,3.947254120102432,5.639054584716901
5.861077626251738,3.9345159898922084,5.675768131572805
5.834135384063178,3.9149307232834083,5.706109070061249
5.802357711297172,3.904548084692133,5.734925257616077
5.725453627990437,3.91696447782302,5.771653401074544
5.6942968669198235,3.9139540335219185,5.792008385770494
5.616022824817928,3.929399288734532,5.828781239439155
5.586927260749029,3.9144948473211065,5.852737542606863
5.555264686181739,3.9044363204026236,5.8751280421887095
5.552074296629198,3.872551505153585,5.8892278529690065
5.544101879360736,3.8496079219391235,5.9034452228843755
5.499557511886457,3.83705435005101,5.922738281448563
5.4774405109103474,3.820772601973994,5.927324656513967
5.454889177444611,3.8053032947245526,5.928674938308048
5.422173588659011,3.7966880308623803,5.926453682042953
5.3827265137476275,3.7937073037426905,5.926037901035648
5.3064348065060285,3.803836591427826,5.926541030216434
5.279182051608671,3.792818178627611,5.92217259722748
5.241174809550967,3.7780792984269405,5.910339436421995
5.23768888650923,3.7545837223921823,5.897633912098768
5.229397799409619,3.733100974266516,5.883388625224538
5.205540011495162,3.7175906736622117,5.86991459204257
5.183765837988031,3.698547919393418,5.851315126900885
5.1317190988908115,3.6937884582137843,5.8144452616902
5.110578183204228,3.6853498574797574,5.7824203911708665
5.089609240968,3.676774577470677,5.750349650086687
5.0593842800655935,3.667550174873611,5.725806880708272
5.027166403227432,3.6554541942949856,5.699508507516232
4.97217276777758,3.6507323419075726,5.6559021136878895
4.964470792948568,3.625927514691361,5.621206838229483
4.915374481655455,3.6147929491301274,5.5654183906364025
4.889127384745271,3.596660345411761,5.523254342399472
4.854781421191205,3.5934603771838916,5.473948031611722
4.842369935991569,3.5794456866523894,5.418598150821339
4.8360381383687185,3.5553453739928487,5.3650747119084885
4.794091861276471,3.5462811435658748,5.293150796222342
4.7740093036503914,3.5373895217109155,5.2463741616595225
4.754459221472897,3.5283294031814028,5.197784942458479
4.737512946788674,3.5106743764241983,5.139028819918523
4.725523393887686,3.491381493290472,5.0803615857244955
4.674044239424621,3.4893058082795174,4.985335635600141
4.6564760237735126,3.4802349889187685,4.918368721077247
4.6034009060722845,3.476074741464616,4.805052336997401
4.581811887601407,3.468543996642378,4.729396270768368
4.569553898897193,3.4457560618700342,4.6561658747024754
4.548154296383727,3.437456246952948,4.581334647343432
4.533445525337005,3.4193208916240003,4.503125814375797
4.484597917082126,3.42055403094655,4.380659166583577
4.482954929309511,3.3942219834784733,4.2986543929980705
4.478964385244717,3.3724428198146903,4.21638486238491
4.451696471362531,3.361727961680863,4.131291720013496
4.424557489685818,3.3592250265956536,4.041893454264186
4.373273451907841,3.3571437688310914,3.9039038994464614
4.372394181129739,3.339119882167772,3.8059987734721954
4.331247417614055,3.32549932092552,3.665210846155503
4.315187275636302,3.3112578368982866,3.5708069585737157
4.30342213388013,3.291229451611807,3.4768887654354743
4.297338815154046,3.2741610575241373,3.3723372749582645
4.287542637535364,3.258102854821342,3.265132594915292
4.248225820548402,3.2583798674505835,3.1573964812559616
4.22689033667078,3.245524189113093,3.1173406043591707
4.174782332516975,3.2477762448938114,3.101786456081619
4.131049447738104,3.2285222282545014,3.126012964644086
4.071962204267195,3.2165026003580306,3.175498331334136
4.028728651503639,3.181809947772221,3.240790973641236
3.9731990733500795,3.16286980231675,3.3020299273160236
3.9335877046479895,3.12574800681883,3.368166597589853
3.8811836197410425,3.10443261130752,3.4303438663492387
3.8382291867813154,3.0757532729573023,3.4940428075609575
3.7857923270197564,3.058242459081065,3.550095406071046
3.758257402137639,3.0299261942985716,3.6008086416125535
3.6918529292279474,3.0118386892366344,3.682418337444045
3.6511662665641693,2.9867685692811397,3.764606287927235
3.6190703371080004,2.955786737303372,3.843353336468313
3.581381633534537,2.9259128223595368,3.9240861197415886
3.545305063815672,2.9009215740264325,3.998235595364123
3.4397340984271714,2.8929429059429563,4.103481035319948
3.392971713570899,2.879273090209889,4.16464705130221
3.277083819297411,2.8822960203751724,4.2514421184001705
3.230941048135133,2.868333359027467,4.306871606634466
3.1921682836946736,2.8435732326547214,4.365071714726464
3.158196449689959,2.8175759058833907,4.421843377556289
3.1207520182838064,2.797093448662048,4.476069846462359
3.0240343006233963,2.7899628463638453,4.557626975338066
2.98701607061608,2.769071828635978,4.610145224360449
2.9538385799456557,2.742884557025705,4.66281972968448
2.91637170026452,2.717629258642235,4.7073295180749755
2.8752553243459205,2.697898038624802,4.749425807509459
2.773017024987697,2.6961012427039974,4.800857215573138
2.738371957015314,2.675322323222668,4.826756991785432
2.645736898298882,2.6621789742921034,4.860578618867682
2.6157600230772045,2.6354891140378203,4.882832381953704
2.585910587652458,2.608971557360627,4.902876690154053
2.58748532996823,2.5755993384876628,4.918207731794859
2.5535578287480063,2.549511191138571,4.934222778307283
2.4895963964750356,2.529099149278523,4.95349976077643
2.425676472701252,2.5085800360756045,4.970697257865381
2.3668189090714904,2.4868331239133883,4.9881266028253854
2.3037094889964,2.4706228112298008,5.003064953173858
2.236575997123635,2.459918145909674,5.013463593698577
2.168877595038715,2.444358886256095,5.021919203443474
2.1053784676372165,2.4228602458549933,5.032797863766601
2.04185824605414,2.4009628635880977,5.045952438669688
2.0008373523619913,2.3845938149199255,5.053118845267806
1.9868142691689765,2.368392002877025,5.0501586827336356
1.95767877618227,2.349947255400562,5.04072642168817
1.9372891579259024,2.320544853275791,5.027047161625278
1.852409437451872,2.306918814870302,5.0096596221326415
1.8225791245523766,2.2788577700151893,4.991266403138181
1.788653016528542,2.25614621611045,4.974986557271888
1.7598432755328235,2.2274986602380396,4.9503232246336895
1.7267504305002992,2.2043110740310294,4.927815342554081
1.639426405482238,2.189906617188956,4.889487889072435
1.603189799059045,2.1766552037897178,4.862788725655938
1.5160676235953334,2.1618273225821834,4.8170001051288684
1.4798034836595624,2.14379806018342,4.777633998751397
1.448986363136313,2.1200047553870474,4.731351203585237
1.4148278346390244,2.1114019089140523,4.682937063126949
1.3802155313438125,2.102539473283736,4.643658134912251
1.2890855095947509,2.097429109378487,4.587475287711666
1.2583658506414643,2.0725386398826924,4.5457095500163325
1.2383399999758622,2.0409686179689346,4.49971102740578
1.233802158127805,2.0018955199333464,4.443929061992875
1.219675793156214,1.9691957310548638,4.389619762227738
1.154629355792452,1.9492385141793054,4.315969576695697
1.0895695796273979,1.9337291317739178,4.249859957172351
0.9936718180054905,1.9174621283443993,4.160817960742055
0.9344653500590718,1.9008365159044684,4.087334891412612
0.9223637601481144,1.8771501670632682,4.033058411722343
0.8747768358492863,1.868938703472612,3.9534861604608906
0.8376447980600791,1.8486484259701712,3.874848901280373
0.7474670556726428,1.8304716569655461,3.7564247407888867
0.7296862939089316,1.7965430822637731,3.6844531428144305
0.7076092652922231,1.768445114343563,3.609335525745255
0.7016592748313263,1.7326915757050319,3.530112443453889
0.7017880645400837,1.6907197821088429,3.4512357594041028
0.7297371566676878,1.5607755529780796,3.345127783147357
0.8935510368104266,1.3222577607485864,3.2997076854870677
1.0979544164078872,1.0252149818960403,3.2165720572928493
1.3752069713350832,0.6989839539338005,3.179993609204542
1.6255199674958913,0.4052978278404939,3.1343071849673834
1.887783266377664,0.09306740002949987,3.0898546327744563
2.1207573352039826,-0.1837124850806711,3.0377972911587747
2.341958303710239,-0.45309617600094704,2.9339402707121685
2.5694970409072853,-0.7105286614984818,2.864567753477596
2.800857897139244,-0.9698404353281628,2.7914072694101546
3.050324051583658,-1.2337292637021278,2.711107459992857
3.3077283887946094,-1.5061056669925048,2.6393918114619788
3.4822458867437276,-1.6886447646953677,2.574480844920402
