attack,set_number,video_time,scout_line,code,team,player_number,attack_code,evaluation_code,scouted_start_zone,scouted_end_zone,scouted_end_subzone,set_frame,set_x,set_y,set_z,attack_frame,attack_x,attack_y,attack_z,end_frame,end_x,end_y,end_z,crossed_net,warnings
1,1,224,10,*09AT+X5~4~~H,Sollentuna VK,9,X5,+,4,,,51,7.398,-1.205,2.794,127,1.409,-0.101,3.186,142,3.436,4.194,2.473,1,
2,1,226,13,a02AH-V8~9~~H,Örkelljunga VK,2,V8,-,9,,,0,1.54,-0.66,3.754,6,1.257,-0.444,3.218,22,3.436,4.183,2.478,1,"nothing was fitted before the set, so the set location is the first frame the setting flight was observed at (0) rather than the setter's contact"
3,1,230,15,*02AQ+X1~39~H,Sollentuna VK,2,X1,+,3,9,,56,3.325,-1.434,2.749,82,1.867,-0.594,3.443,91,2.008,1.215,2.706,1,
4,1,231,17,*02AO#PR~3~~H2,Sollentuna VK,2,PR,#,3,,,1,3.032,-1.268,3.053,22,1.894,-0.591,3.478,31,2.005,1.216,2.695,1,"nothing was fitted before the set, so the set location is the first frame the setting flight was observed at (1) rather than the setter's contact"
5,1,258,24,a04AT-X5~49~H,Örkelljunga VK,4,X5,-,4,9,,55,4.32,2.02,2.378,125,8.988,1.222,3.657,167,6.577,-3.635,2.204,1,
6,1,262,26,*09AT#X5~41~H2,Sollentuna VK,9,X5,#,4,1,,38,5.11,-1.104,2.707,98,0.445,-0.47,3.184,128,2.203,6.221,1.294,1,
7,1,286,32,a07AQ#X1~35~H,Örkelljunga VK,7,X1,#,3,5,,60,4.066,0.956,2.591,86,4.565,0.594,3.073,94,2.987,-2.076,2.185,1,
9,1,339,45,*07AQ-X1~33~H,Sollentuna VK,7,X1,-,3,3,,42,5.756,-1.537,3.032,47,5.696,-1.39,3.162,93,5.399,0.019,2.034,1,
10,1,341,49,a06AH+V6~2~~H,Örkelljunga VK,6,V6,+,2,,,160,3.739,1.594,5.71,180,2.845,0.952,3.266,214,1.223,-3.192,2.65,1,
15,1,439,74,a03AQ-X1~36~H,Örkelljunga VK,3,X1,-,3,6,,,,,,0,6.459,0.806,3.712,37,5.145,-4.031,2.326,1,"the attack is the first flight in the clip, so its contact is the first frame it was observed at (0) rather than a seam with the flight before it | no flight precedes the attack, so there is no set to locate"
16,1,441,75,*04AT-X5~49~H,Sollentuna VK,4,X5,-,4,9,,34,5.96,-3.151,2.831,114,1.116,-0.939,3.131,158,2.046,2.839,1.965,1,
18,1,471,81,a14AT-X5~4~~H,Örkelljunga VK,14,X5,-,4,,,0,6.577,0.754,4.087,17,8.143,0.586,2.755,61,7.133,-1.414,2.026,1,"nothing was fitted before the set, so the set location is the first frame the setting flight was observed at (0) rather than the setter's contact"
19,1,474,83,*08AH-V6~2~~H,Sollentuna VK,8,V6,-,2,,,0,5.115,-1.666,2.02,98,7.737,-1.067,3.196,118,4.87,5.861,1.386,1,"nothing was fitted before the set, so the set location is the first frame the setting flight was observed at (0) rather than the setter's contact"
21,1,484,86,*08AT-X6~2~~H,Sollentuna VK,8,X6,-,2,,,2,6.457,-1.354,4.75,28,8.039,-0.823,3.468,66,3.63,2.129,1.261,1,"nothing was fitted before the set, so the set location is the first frame the setting flight was observed at (2) rather than the setter's contact"
23,1,515,93,a06AT#X6~24~H2,Örkelljunga VK,6,X6,#,2,4,,37,6.089,0.865,1.948,123,0.752,0.495,3.0,176,8.307,-8.393,1.905,1,
31,1,643,126,a04AH-V5~41~H,Örkelljunga VK,4,V5,-,4,1,,91,7.537,4.07,5.988,112,8.549,3.472,3.087,160,5.418,-6.377,2.416,1,"nothing was fitted before the set, so the set location is the first frame the setting flight was observed at (91) rather than the setter's contact"
32,1,647,128,*08AT-X6~2~~H,Sollentuna VK,8,X6,-,2,,,34,6.757,-0.919,1.999,96,8.521,-1.562,3.144,135,8.34,1.124,2.776,1,
34,1,680,136,a04AT-X5~4~~H,Örkelljunga VK,4,X5,-,4,,,0,3.266,0.385,3.224,64,8.391,0.531,3.089,106,8.254,-2.272,0.916,1,"nothing was fitted before the set, so the set location is the first frame the setting flight was observed at (0) rather than the setter's contact"
36,1,708,144,a04AT#X5~47~H2,Örkelljunga VK,4,X5,#,4,7,,23,5.366,1.193,1.84,98,7.257,1.116,3.428,121,1.471,-2.218,0.995,1,"nothing was fitted before the set, so the set location is the first frame the setting flight was observed at (23) rather than the setter's contact"
37,1,736,151,*04AH-V5~48~H,Sollentuna VK,4,V5,-,4,8,,0,1.427,-0.506,4.521,53,-0.229,-1.303,3.255,97,2.759,3.173,1.605,1,"nothing was fitted before the set, so the set location is the first frame the setting flight was observed at (0) rather than the setter's contact"
38,1,742,153,a04AH-V5~4~~H,Örkelljunga VK,4,V5,-,4,,,155,1.948,-1.89,5.606,176,1.122,-0.996,3.136,221,1.769,5.132,2.584,1,
39,1,744,155,*04AH-V5~42~H2,Sollentuna VK,4,V5,-,4,2,,35,1.948,-1.89,5.606,56,1.122,-0.996,3.136,101,1.769,5.132,2.584,1,"nothing was fitted before the set, so the set location is the first frame the setting flight was observed at (35) rather than the setter's contact"
40,1,748,157,a04AT-X5~42~H,Örkelljunga VK,4,X5,-,4,2,,4,4.036,1.617,4.782,56,8.261,0.673,2.974,105,2.411,-4.91,2.06,1,"nothing was fitted before the set, so the set location is the first frame the setting flight was observed at (4) rather than the setter's contact"
41,1,751,159,*08AT-X8~96~H,Sollentuna VK,8,X8,-,9,6,,37,6.671,-0.501,2.812,104,8.659,-2.438,2.814,145,5.553,5.318,1.307,1,
42,1,755,161,a04AT#X5~41DH2,Örkelljunga VK,4,X5,#,4,1,D,16,4.466,2.439,2.794,90,8.538,0.71,3.102,118,7.195,-5.07,1.942,1,
43,1,792,166,*09AM-XB~8~~H,Sollentuna VK,9,XB,-,8,,,1,4.488,-2.621,4.191,20,4.159,-1.662,2.619,47,2.547,1.999,2.66,1,"nothing was fitted before the set, so the set location is the first frame the setting flight was observed at (1) rather than the setter's contact"
44,1,794,167,a04AH-V5~42~H,Örkelljunga VK,4,V5,-,4,2,,153,7.409,0.935,6.04,172,7.741,0.184,3.272,219,3.363,-0.894,1.48,1,
54,1,969,208,a06AT-X6~2~~H,Örkelljunga VK,6,X6,-,2,,,,,,,2,1.161,1.578,3.11,42,6.328,-2.397,1.622,1,"the attack is the first flight in the clip, so its contact is the first frame it was observed at (2) rather than a seam with the flight before it | no flight precedes the attack, so there is no set to locate"
55,1,972,209,*09AH+V5~49~H,Sollentuna VK,9,V5,+,4,9,,12,1.54,-1.825,5.518,32,1.36,-2.619,3.023,75,1.725,4.458,2.652,1,"nothing was fitted before the set, so the set location is the first frame the setting flight was observed at (12) rather than the setter's contact"
61,1,1165,241,a14AT=X5~44DH,Örkelljunga VK,14,X5,=,4,4,D,15,6.395,1.702,4.888,48,6.259,0.366,2.568,91,-1.096,-2.099,0.111,1,
64,1,1255,259,*08AT-X6~29~H,Sollentuna VK,8,X6,-,2,9,,0,4.843,-1.254,3.369,48,7.712,-1.412,3.253,64,3.003,1.762,1.704,1,"nothing was fitted before the set, so the set location is the first frame the setting flight was observed at (0) rather than the setter's contact"
69,1,1402,284,a14AH=V5~45DH1,Örkelljunga VK,14,V5,=,4,5,D,6,5.637,0.935,3.296,14,4.359,0.33,2.876,33,0.493,-4.501,2.521,1,
71,1,1430,293,*08AH#V6~24~H2,Sollentuna VK,8,V6,#,2,4,,15,9.031,-0.577,3.486,23,8.552,-0.242,3.177,37,8.622,0.8,2.4,1,
73,1,1477,306,*08AT-X6~24~H2,Sollentuna VK,8,X6,-,2,4,,34,5.153,-1.366,2.931,87,7.82,-1.212,2.943,120,3.624,3.425,2.536,1,
78,1,1588,333,*02AQ#X1~39~H1,Sollentuna VK,2,X1,#,3,9,,,,,,4,3.387,-1.112,3.223,21,2.043,4.023,1.227,1,"the attack is the first flight in the clip, so its contact is the first frame it was observed at (4) rather than a seam with the flight before it | no flight precedes the attack, so there is no set to locate"
